Economy,Law Name,Law Number / Ref,Last Amended,Indicator ID,Article / Section,Discovery Tag,Location Reference,Verbatim Snippet,Mapping Rationale,Source URL,Confidence,Notes
Malaysia,Patents Act 1983,Act 291,2022,P4-I2,s. 60(1),KNOWN,"Part XII, p. 61 of the official updated text",shall award damages and shall grant an injunction,"Section 60(1) requires the Court to award damages and grant an injunction when patent infringement is proved, supporting the ordinary civil remedies element.",https://www.myipo.gov.my/wp-content/uploads/2025/02/LAMPIRAN-D37-Patents-Act-1983-Act-291-As-at-30-June-2023-Online-version-of-updated.pdf,1.00,manual_cleanup_confirmed; framework_element=ordinary_civil_or_administrative_remedies; framework_status=partial; rdtii_score=0.5; provisional_measures_not_confirmed
Malaysia,Patent Cooperation Treaty,WIPO treaty status,,P4-I4,Treaty status,NEW,Effective date: 2006-08-16; last checked: 2026-07-20,The Patent Cooperation Treaty is in force for Malaysia.,The local audited WIPO status registry records Malaysia as party for Patent Cooperation Treaty.,https://www.wipo.int/pct/en/pct_contracting_states.html,0.90,status=party; effective_date=2006-08-16; last_checked=2026-07-20
Malaysia,Copyright Act 1987,Act 332,2022,P4-I5,s. 13(1),KNOWN,"Part III, p. 25 of the official updated text",shall be the exclusive right to control in Malaysia,"Section 13(1) establishes exclusive copyright control over core acts including reproduction, communication to the public, public performance, distribution and commercial rental, supporting the copyright framework element.",https://www.myipo.gov.my/wp-content/uploads/2025/09/Copyright-Act-1987-Act-332.pdf,1.00,manual_cleanup_confirmed; framework_element=copyright_framework; framework_status=complete; rdtii_score=0
Malaysia,Copyright Act 1987,Act 332,2022,P4-I5,s. 13(2)(a),KNOWN,"Part III, p. 26 of the official updated text",by way of fair dealing,"Section 13(2)(a) excludes fair dealing for research, private study, criticism, review and news reporting from the copyright owner's control, supporting the copyright exceptions element.",https://www.myipo.gov.my/wp-content/uploads/2025/09/Copyright-Act-1987-Act-332.pdf,1.00,manual_cleanup_confirmed; framework_element=copyright_exceptions; framework_status=complete; rdtii_score=0
Malaysia,Copyright Act 1987,Act 332,2022,P4-I6,s. 43C(2),KNOWN,"Part VIB, p. 86 of the official updated text",disable access to an online location,"Section 43C(2) permits the court to order a service provider to disable access to an infringing online location outside Malaysia or terminate a specified account, supporting online civil remedies.",https://www.myipo.gov.my/wp-content/uploads/2025/09/Copyright-Act-1987-Act-332.pdf,1.00,manual_cleanup_confirmed; framework_element=online_civil_or_administrative_remedies; framework_status=partial; rdtii_score=0.5; online_provisional_measures_not_confirmed
Malaysia,WIPO Copyright Treaty,WIPO treaty status,,P4-I7,Treaty status,NEW,Effective date: 2012-12-27; last checked: 2026-07-20,The WIPO Copyright Treaty is in force for Malaysia.,The local audited WIPO status registry records Malaysia as party for WIPO Copyright Treaty.,https://www.wipo.int/treaties/en/ShowResults.jsp?treaty_id=16,0.90,status=party; effective_date=2012-12-27; last_checked=2026-07-20
Malaysia,WIPO Performances and Phonograms Treaty,WIPO treaty status,,P4-I8,Treaty status,NEW,Effective date: 2012-12-27; last checked: 2026-07-20,The WIPO Performances and Phonograms Treaty is in force for Malaysia.,The local audited WIPO status registry records Malaysia as party for WIPO Performances and Phonograms Treaty.,https://www.wipo.int/treaties/en/ShowResults.jsp?treaty_id=20,0.90,status=party; effective_date=2012-12-27; last_checked=2026-07-20
Malaysia,Companies Act 2016,Act 777,2024,P6-I2,s. 60B(2),NEW,Page 4,The register of beneficial owners of the company shall be kept at the registered office of the company or any other place in Malaysia as notified to the Registrar.,"The clause requires the identified records, register or information-bearing material to be kept in Malaysia, creating a domestic storage obligation under P6-I2.",https://lom.agc.gov.my/act-detail.php?language=BI&type=amendment&act=A1701,0.90,information_object=register; storage_action=kept; location_relation=storage_object
Malaysia,Customs Act 1967,Act 235,2023,P6-I2,s. 100A(3)(b),NEW,Page 63; s. 100A(3)(b),"Any records kept under this section shall be— (b) kept in Malaysia, except as otherwise approved by the Director General subject to such conditions as the Director General deems fit.","The clause requires the identified records or information-bearing material to be kept in Malaysia, creating a domestic storage obligation under P6-I2.",https://lom.agc.gov.my/act-detail.php?language=BI&type=amendment&act=A1593,1.00,human_review_decision=accept; split_from_compound_clause=true; paired_retention_limb=s.100A(3)(a)
Malaysia,Limited Liability Partnerships Act 2012,Act 743,2024,P6-I2,s. 20B(2),NEW,Page 5,The register of beneficial owners of the limited liability partnership shall be kept at the registered office of the limited liability partnership or any other place in Malaysia as notified to the Registrar.,"The clause requires the identified records, register or information-bearing material to be kept in Malaysia, creating a domestic storage obligation under P6-I2.",https://lom.agc.gov.my/act-detail.php?language=BI&type=amendment&act=A1728,0.90,information_object=register; storage_action=kept; location_relation=storage_object
Malaysia,Petroleum (Income Tax) Act 1967,Act 543,2023,P6-I2,s. 34A(5),NEW,Page 57,All records that relate to any petroleum operation in Malaysia shall be kept and retained in Malaysia.,"The clause requires the identified records, register or information-bearing material to be kept in Malaysia, creating a domestic storage obligation under P6-I2.",https://lom.agc.gov.my/act-detail.php?language=BI&act=543,0.90,information_object=records; storage_action=kept and retained; location_relation=storage_object
Malaysia,Petroleum Mining Act 1966,Act 95,,P6-I2,s. 16(2),NEW,Page 20,The licensee shall keep in Malaysia accurate geological and geophysical plans and maps relating to the exploration area and such other records in relation thereto as may be necessary to preserve all information which the licensee has about the exploration area.,"The clause requires the identified records, register or information-bearing material to be kept in Malaysia, creating a domestic storage obligation under P6-I2.",https://lom.agc.gov.my/act-detail.php?language=BI&act=95,0.90,information_object=records; storage_action=keep; location_relation=storage_object
Malaysia,Service Tax Act 2018,Act 807,2024,P6-I2,s. 24(2)(c),KNOWN,Page 37,"Every taxable person shall keep complete and true records written up to date of all transactions which affect or may affect his liability to service tax, including the following records: (a) all records of provision of taxable services by or to that taxable person including invoices, receipts, debit notes and credit notes; (aa) all records of imported taxable service; and (b) all other records as the Director General may determine. Any record kept under this section shall be- (a) preserved for a period of seven years from the latest date to which the record relates; (b) in the national language or English language; and (c) kept in Malaysia, except as otherwise approved by the Director General and subject to such conditions as he deems fit.","The clause requires the identified records, register or information-bearing material to be kept in Malaysia, creating a domestic storage obligation under P6-I2.",https://lom.agc.gov.my/act-detail.php?language=BI&act=807,0.90,information_object=records; storage_action=kept; location_relation=storage_object
Malaysia,Tourism Tax Act 2017,Act 791,2023,P6-I2,s. 17(2)(c),NEW,Page 18,"Any record kept under this section shall be- (a) preserved for a period of seven years from the latest date to which the record relates; (b) in the national language or English language; and (c) kept in Malaysia, except as otherwise approved by the Director General and subject to the conditions as he deems fit.","The clause requires the identified records, register or information-bearing material to be kept in Malaysia, creating a domestic storage obligation under P6-I2.",https://lom.agc.gov.my/act-detail.php?language=BI&act=791,0.90,information_object=record; storage_action=kept; location_relation=storage_object
Malaysia,Unclaimed Moneys Act 1965,Act 370,2024,P6-I2,s. 10(1),NEW,Page 11,Every company or firm holding unclaimed moneys shall maintain a record of all unclaimed moneys in a register to be kept at its principal office or place of business in Malaysia in the form to be determined by the Registrar.,"The clause requires the identified records, register or information-bearing material to be kept in Malaysia, creating a domestic storage obligation under P6-I2.",https://lom.agc.gov.my/act-detail.php?language=BI&act=370,0.90,information_object=register containing a record of all unclaimed moneys; storage_action=keep; location_relation=storage_object
Malaysia,Personal Data Protection Guidelines on Cross-Border Transfer of Personal Data (CBPDT),Personal Data Protection Guidelines No. 3/2025,,P6-I4,para. 4.1,NEW,Page 6,Subsection 129(2) of the Act 709 provides that a data controller may transfer any personal data of a data subject to any place outside Malaysia if: (a) there is in that place in force any law which is substantially similar to the Act 709; or (b) that place ensures an adequate level of protection in relation to the processing of personal data which is at least equivalent to the level of protection afforded by the Act 709.,"The clause permits personal-data transfer outside Malaysia only when the stated legal condition is met, constituting a conditional flow regime under P6-I4.",https://www.pdp.gov.my/ppdpv1/en/akta/personal-data-protection-guidelines-on-cross-border-transfer-of-personal-data-cbpdt/,0.90,regulated_object_type=data_or_information; information_bearing_object_evidence=data
Malaysia,Personal Data Protection Guidelines on Cross-Border Transfer of Personal Data (CBPDT),Personal Data Protection Guidelines No. 3/2025,,P6-I4,para. 4.2.1,NEW,Page 6,"Notwithstanding subsection 129(2) of the Act 709, data controller may transfer any personal data to a place outside Malaysia if: 4.2.1 data subject has given consent to the transfer;","The clause permits personal-data transfer outside Malaysia only when the stated legal condition is met, constituting a conditional flow regime under P6-I4.",https://www.pdp.gov.my/ppdpv1/en/akta/personal-data-protection-guidelines-on-cross-border-transfer-of-personal-data-cbpdt/,0.90,regulated_object_type=data_or_information; information_bearing_object_evidence=data
Malaysia,Personal Data Protection Guidelines on Cross-Border Transfer of Personal Data (CBPDT),Personal Data Protection Guidelines No. 3/2025,,P6-I4,para. 4.2.2,NEW,Page 6,"Notwithstanding subsection 129(2) of the Act 709, data controller may transfer any personal data to a place outside Malaysia if: 4.2.2 the transfer is necessary for the performance of a contract between data subject and data controller;","The clause permits personal-data transfer outside Malaysia only when the stated legal condition is met, constituting a conditional flow regime under P6-I4.",https://www.pdp.gov.my/ppdpv1/en/akta/personal-data-protection-guidelines-on-cross-border-transfer-of-personal-data-cbpdt/,1.00,
Malaysia,Personal Data Protection Guidelines on Cross-Border Transfer of Personal Data (CBPDT),Personal Data Protection Guidelines No. 3/2025,,P6-I4,para. 4.2.3,NEW,Page 6,"Notwithstanding subsection 129(2) of the Act 709, data controller may transfer any personal data to a place outside Malaysia if: 4.2.3 the transfer is necessary for the conclusion or performance of a contract between data controller and third party which— (a) is entered into at the request of data subject; or (b) is in the interests of data subject;","The clause permits personal-data transfer outside Malaysia only when the stated legal condition is met, constituting a conditional flow regime under P6-I4.",https://www.pdp.gov.my/ppdpv1/en/akta/personal-data-protection-guidelines-on-cross-border-transfer-of-personal-data-cbpdt/,1.00,
Malaysia,Personal Data Protection Guidelines on Cross-Border Transfer of Personal Data (CBPDT),Personal Data Protection Guidelines No. 3/2025,,P6-I4,para. 4.2.7,NEW,Page 7,"Notwithstanding subsection 129(2) of the Act 709, data controller may transfer any personal data to a place outside Malaysia if: 4.2.7 the transfer is necessary in order to protect the vital interests of the data subject.","The clause permits personal-data transfer outside Malaysia only when the stated legal condition is met, constituting a conditional flow regime under P6-I4.",https://www.pdp.gov.my/ppdpv1/en/akta/personal-data-protection-guidelines-on-cross-border-transfer-of-personal-data-cbpdt/,1.00,
Malaysia,Personal Data Protection Act 2010,Act 709,2024,P7-I1,s. 5(1); ss. 6–12,KNOWN,"Part II, Division 1 — Personal Data Protection Principles, p. 112","The processing of personal data by a data user shall be in compliance with the following Personal Data Protection Principles, namely— (a) the General Principle; (b) the Notice and Choice Principle; (c) the Disclosure Principle; (d) the Security Principle; (e) the Retention Principle; (f) the Data Integrity Principle; and (g) the Access Principle, as set out in sections 6, 7, 8, 9, 10, 11 and 12.",Sections 5–12 establish a horizontal statutory framework governing the processing of personal data in commercial transactions through seven enforceable personal-data-protection principles. Act A1727 updates the statutory terminology from data user to data controller.,https://www.pdp.gov.my/ppdpv1/wp-content/uploads/2024/07/UNDANG-UNDANG-MALAYSIA_AKTA_PERLINDUNGAN_DATA_PERIBADI_2010_709_MALAY_AND-ENG_V2022.pdf,1.00,framework_element=comprehensive_personal_data_protection_framework; coverage=horizontal_commercial_transactions; Act A1727 s. 2 substitutes data controller for data user
Malaysia,Cyber Security Act 2024,Act 854,,P7-I2,s. 21(1),NEW,Part IV — Duties of national critical information infrastructure entities / Duty to implement code of practice,"A national critical information infrastructure entity shall implement the measures, standards and processes as specified in the code of practice to ensure the cyber security of the national critical information infrastructure owned or operated by the national critical information infrastructure entity.","The Cyber Security Act 2024 is a dedicated cybersecurity statute, and section 21(1) imposes a substantive duty on designated NCII entities to implement prescribed cybersecurity measures, standards and processes.",https://lom.agc.gov.my/act-detail.php?act=854&language=BI,1.00,framework_element=dedicated_cybersecurity_framework; legal_function=substantive_duty; coverage=sectoral_ncii
Malaysia,"Anti-Money Laundering, Anti-Terrorism Financing and Proceeds of Unlawful Activities Act 2001",Act 613,2025,P7-I3,s. 17(1),NEW,Page 17,"a reporting institution shall maintain any account, record, business correspondence and document relating to an account, business relationship, transaction or activity with a customer or any person as well as the results of any analysis undertaken, as the case may be, for a period of at least six years from the date the account is closed or the business relationship, transaction or activity is completed or terminated.","The clause imposes a mandatory minimum retention period for specified records or information-bearing documents, satisfying P7-I3.",https://lom.agc.gov.my/act-detail.php?language=BI&type=amendment&act=A1467,0.90,"record_scope_basis=OPERATIONAL_SECTOR_RECORD; retention_periods=at least six years from the date the account is closed or the business relationship, transaction or activity is completed or terminated; trigger_event=from the date the account is closed or the business relationship, transaction or activity is completed or terminated"
Malaysia,Capital Markets and Services Regulations 2012,P.U. (A) 474/2012,,P7-I3,reg. 6(3),NEW,Page 26,The records shall be retained for a period of five years except records that are kept in the form of audio magnetic tapes for which the retention period shall be specified in accordance with the rules of the derivatives exchange.,"The clause imposes a mandatory minimum retention period for specified records or information-bearing documents, satisfying P7-I3.",https://lom.agc.gov.my/act-view.php?type=pua&language=BI&no=P.U. (A) 474/2012,1.00,
Malaysia,Civil Aviation (Aerodrome Operations) Regulations 2016,P.U. (A) 98/2016,,P7-I3,reg. 19(5)(a),NEW,Page 78; reg. 19(5)(a),A fuel operator shall- (a) keep the record under subregulation (4) for a period of twelve months or such longer period as the Director General may in a particular case direct; and,"The clause imposes a mandatory minimum retention period for specified records or information-bearing documents, satisfying P7-I3.",https://lom.agc.gov.my/act-view.php?type=pua&language=BI&no=P.U. (A) 98/2016,1.00,human_review_decision=accept; minimum_period=twelve months or longer as directed
Malaysia,Consumer Protection (Electronic Trade Transaction) Regulations 2024,P.U. (A) 449/2024,,P7-I3,reg. 8(1),NEW,Page 9,"Any online marketplace operator shall, for a period of three years, take reasonable steps to keep and maintain a record of online marketplace supplier as follows:","The clause imposes a mandatory minimum retention period for specified records or information-bearing documents, satisfying P7-I3.",https://lom.agc.gov.my/act-view.php?type=pua&language=BI&no=P.U. (A) 449/2024,1.00,
Malaysia,Crematorium (Federal Territory of Kuala Lumpur) By-Laws 2013,P.U. (A) 362/2013,,P7-I3,by-law 9(1),NEW,Page 14,"The person in charge of the crematorium shall ensure that all applications, permits and other documents relating to each cremation are numbered, properly filed and carefully kept for a period of ten years from the date of the cremation.","The clause imposes a mandatory minimum retention period for specified records or information-bearing documents, satisfying P7-I3.",https://lom.agc.gov.my/act-view.php?type=pua&language=BI&no=P.U. (A) 362/2013,1.00,
Malaysia,Crematorium (Federal Territory of Putrajaya) By-Laws 2012,P.U. (A) 230/2012,,P7-I3,by-law 10(1),NEW,Page 15,"The person in charge of the crematorium shall ensure that all applications, permits and other documents relating to each cremation are numbered, properly filed and carefully kept for a period of seven years from the date of the cremation.","The clause imposes a mandatory minimum retention period for specified records or information-bearing documents, satisfying P7-I3.",https://lom.agc.gov.my/act-view.php?type=pua&language=BI&no=P.U. (A) 230/2012,1.00,
Malaysia,Customs Act 1967,Act 235,2023,P7-I3,s. 100A(1),NEW,Page 31,"Every person who has possession of documents and records pertaining to valuation of goods imported shall preserve for a period of six years following the importation of the goods all records that relate to the purchase of, importation of, cost of, value of, payment for and disposal of the goods.","The clause imposes a mandatory minimum retention period for specified records or information-bearing documents, satisfying P7-I3.",https://lom.agc.gov.my/act-detail.php?language=BI&act=578,0.90,record_scope_basis=OPERATIONAL_SECTOR_RECORD; retention_periods=six years following the importation of the goods; trigger_event=importation of the goods
Malaysia,Customs Act 1967,Act 235,2023,P7-I3,s. 100A(3)(a),NEW,Page 63,"Any records kept under this section shall be- (a) preserved for a period of seven years from the latest date to which such records relate; and (b) kept in Malaysia, except as otherwise approved by the Director General subject to such conditions as the Director General deems fit.",Section 100A(3)(a) requires records to be preserved for seven years; it is the retention limb of the compound clause and independently satisfies P7-I3.,https://lom.agc.gov.my/act-detail.php?language=BI&type=amendment&act=A1593,1.00,human_review_decision=accept; split_from_compound_clause=true; minimum_period=seven years; paired_storage_limb=s.100A(3)(b)
Malaysia,Customs Duties (Goods of ASEAN Countries Origin) (ASEAN Harmonised Tariff Nomenclature and ASEAN Trade in Goods Agreement) (Amendment) (No. 4) Order 2016,P.U. (A) 305/2016,,P7-I3,Rule 17 — issuing-authority application-document limb,NEW,Page 11; Rule 17 (issuing-authority limb),The application for Certificates of Origin (Form D) and all documents related to such application shall be retained by the issuing authorities for not less than three (3) years from the date of issuance.,"The clause imposes a mandatory minimum retention period for specified records or information-bearing documents, satisfying P7-I3.",https://lom.agc.gov.my/act-view.php?type=pua&language=BI&no=P.U. (A) 305/2016,1.00,human_review_decision=accept; kept_separate=true; actor=issuing authority
Malaysia,Customs Duties (Goods of ASEAN Countries Origin) (ASEAN Harmonised Tariff Nomenclature and ASEAN Trade in Goods Agreement) (Amendment) (No. 4) Order 2016,P.U. (A) 305/2016,,P7-I3,Rule 17 — producer/exporter supporting-record limb,NEW,Page 11; Rule 17 (producer/exporter limb),"For the purposes of the verification process pursuant to Rules 18 and 19, the producer and/or exporter applying for the issuance of a Certificate of Origin (Form D) shall, subject to the laws and regulations of the exporting Member State, keep its supporting records for application for not less than three (3) years from the date of issuance of the Certificate of Origin (Form D).","The clause imposes a mandatory minimum retention period for specified records or information-bearing documents, satisfying P7-I3.",https://lom.agc.gov.my/act-view.php?type=pua&language=BI&no=P.U. (A) 305/2016,1.00,human_review_decision=accept; kept_separate=true; actor=producer/exporter
Malaysia,Customs Duties (Goods of ASEAN Countries Origin) (ASEAN Harmonised Tariff Nomenclature and ASEAN Trade in Goods Agreement) (Amendment) (No. 4) Order 2016,P.U. (A) 305/2016,,P7-I3,Rule 31 Electronic Archiving and Data Retention,NEW,Page 19,The application for an Electronic Certificate of Origin (e-Form D) and all documents related to such application shall be retained by the issuing authorities for not less than three (3) years from the date of issuance of the Electronic Certificate of Origin (e-Form D).,"The clause imposes a mandatory minimum retention period for specified records or information-bearing documents, satisfying P7-I3.",https://lom.agc.gov.my/act-view.php?type=pua&language=BI&no=P.U. (A) 305/2016,1.00,
Malaysia,Customs Duties (Goods of ASEAN Countries Origin) (ASEAN Harmonised Tariff Nomenclature and ASEAN Trade in Goods Agreement) (Amendment) Order 2022,P.U. (A) 118/2022,,P7-I3,Rule 17 — Competent Authority / CE application limb,NEW,Rule 17 (Competent Authority / CE application limb),The application as a CE and all documents related to such application shall be retained by the Competent Authority for not less than three (3) years from the date of expiry or revocation of the authorisation.,"The clause imposes a mandatory minimum retention period for specified records or information-bearing documents, satisfying P7-I3.",https://lom.agc.gov.my/act-view.php?type=pua&language=BI&no=P.U. (A) 118/2022,1.00,human_review_decision=accept; kept_separate=true; actor=Competent Authority
Malaysia,Customs Duties (Goods of ASEAN Countries Origin) (ASEAN Harmonised Tariff Nomenclature and ASEAN Trade in Goods Agreement) (Amendment) Order 2022,P.U. (A) 118/2022,,P7-I3,Rule 17 — Issuing Authority / Form D limb,NEW,Rule 17 (Issuing Authority / Form D limb),The application for Certificates of Origin (Form D) and all documents related to such application shall be retained by the Issuing Authority for not less than three (3) years from the date of issuance of the Certificate of Origin (Form D).,"The clause imposes a mandatory minimum retention period for specified records or information-bearing documents, satisfying P7-I3.",https://lom.agc.gov.my/act-view.php?type=pua&language=BI&no=P.U. (A) 118/2022,1.00,human_review_decision=accept; kept_separate=true; actor=Issuing Authority
Malaysia,Customs Duties (Goods of ASEAN Countries Origin) (ASEAN Harmonised Tariff Nomenclature and ASEAN Trade in Goods Agreement) Order (Amendment) (No. 3) 2020,P.U. (A) 271/2020,,P7-I3,Rule 17,NEW,Page 21,"the producer and/or exporter applying for the issuance of a Certificate of Origin (Form D) and the CE making out an Origin Declaration shall, subject to the laws and regulations of the exporting Member State, keep its supporting records in relation to the Proof of Origin for not less than three (3) years from the date of issuance of the Proof of Origin.","The clause imposes a mandatory minimum retention period for specified records or information-bearing documents, satisfying P7-I3.",https://lom.agc.gov.my/act-view.php?type=pua&language=BI&no=P.U. (A) 271/2020,1.00,
Malaysia,Customs Duties (Goods under the Framework Agreement on Comprehensive Economic Co-operation among the Governments of the Member Countries of the Association of Southeast Asian Nations and the Republic of Korea) (Amendment) Order 2013,P.U. (A) 381/2013,,P7-I3,Rule 13(1),NEW,Rule 13(1),"The producer and/or exporter applying for the issuance of a Certificate of Origin shall, subject to the domestic laws and regulations of the exporting Party, keep its supporting records for application for not less than three (3) years from the date of issuance of the Certificate of Origin.","The clause imposes a mandatory minimum retention period for specified records or information-bearing documents, satisfying P7-I3.",https://lom.agc.gov.my/act-view.php?type=pua&language=BI&no=P.U. (A) 381/2013,1.00,human_review_decision=accept; actor=producer/exporter
Malaysia,Customs Duties (Goods under the Framework Agreement on Comprehensive Economic Co-operation among the Governments of the Member Countries of the Association of Southeast Asian Nations and the Republic of Korea) (Amendment) Order 2013,P.U. (A) 381/2013,,P7-I3,Rule 13(3),NEW,Page 8,The application for Certificates of Origin and all documents related to such application shall be retained by the issuing authority for not less than three (3) years from the date of issuance.,"The clause imposes a mandatory minimum retention period for specified records or information-bearing documents, satisfying P7-I3.",https://lom.agc.gov.my/act-view.php?type=pua&language=BI&no=P.U. (A) 381/2013,1.00,
Malaysia,Customs Duties (Goods under the Framework Agreement on Trade Preferential System among the Member States of the Organisation of Islamic Cooperation) Order 2023,P.U. (A) 293/2023,,P7-I3,Article 24,NEW,Article 24,The exporter applying for the issue of a TPS-OIC Certificate of Origin shall keep for at least three years the documents referred to in Article 16(3).,"The clause imposes a mandatory minimum retention period for specified records or information-bearing documents, satisfying P7-I3.",https://lom.agc.gov.my/act-view.php?type=pua&language=BI&no=P.U. (A) 293/2023,1.00,human_review_decision=accept; minimum_period=at least three years
Malaysia,Customs Duties (Goods under the Preferential Trade Agreement among D-8 Member States) Order 2013,P.U. (A) 328/2013,,P7-I3,Article 10(1),NEW,Page 22,The exporter applying for the issue of a D-8 Certificate of Origin shall keep for at least three years the documents referred to in Article 2(3) of this Attachment.,"The clause imposes a mandatory minimum retention period for specified records or information-bearing documents, satisfying P7-I3.",https://lom.agc.gov.my/act-view.php?type=pua&language=BI&no=P.U. (A) 328/2013,1.00,
Malaysia,Customs Duties (Goods under the Preferential Trade Agreement among D-8 Member States) Order 2013,P.U. (A) 328/2013,,P7-I3,Article 10(2),NEW,Page 22,The Customs or the competent authorities of the exporting country issuing a D-8 Certificate of Origin shall keep for at least three years the application form referred to in Article 2(2).,"The clause imposes a mandatory minimum retention period for specified records or information-bearing documents, satisfying P7-I3.",https://lom.agc.gov.my/act-view.php?type=pua&language=BI&no=P.U. (A) 328/2013,1.00,
Malaysia,Customs Duties (Goods under the Preferential Trade Agreement among D-8 Member States) Order 2013,P.U. (A) 328/2013,,P7-I3,Article 10(3),NEW,Page 22,The customs authorities of the importing country shall keep for at least three years the D-8 Certificate of Origin submitted to them.,"The clause imposes a mandatory minimum retention period for specified records or information-bearing documents, satisfying P7-I3.",https://lom.agc.gov.my/act-view.php?type=pua&language=BI&no=P.U. (A) 328/2013,1.00,
Malaysia,Cyber Centre and Cyber Cafe (Federal Territory of Kuala Lumpur) Rules 2012,P.U. (A) 179/2012,,P7-I3,Rule 20(2),NEW,Rule 20(2),The licensee shall ensure such data records under subrule (1) is kept and not deleted within twelve months from the date of the usage of internet for each computer provided in the licensed premise.,"The clause imposes a mandatory minimum retention period for specified records or information-bearing documents, satisfying P7-I3.",https://lom.agc.gov.my/act-view.php?type=pua&language=BI&no=P.U. (A) 179/2012,1.00,human_review_decision=accept; object=internet-usage data records; minimum_period=twelve months
Malaysia,Dental Regulations 2021,P.U. (A) 443/2021,,P7-I3,reg. 20(2),NEW,Page 103,"Subject to any directions given by the returning officer, the Council shall retain the sealed parcel containing envelopes A, envelopes B and ballot papers for a period of- (a) sixty days if no complaint is lodged; or (b) sixty days after a decision is made by the Council on any complaint.","The clause imposes a mandatory minimum retention period for specified records or information-bearing documents, satisfying P7-I3.",https://lom.agc.gov.my/act-view.php?type=pua&language=BI&no=P.U. (A) 443/2021,1.00,
Malaysia,Departure Levy Act 2019,Act 813,2023,P7-I3,s. 17(2),NEW,Page 16,Any record kept under this section shall be preserved for a period of seven years from the latest date to which the record relates.,"The clause imposes a mandatory minimum retention period for specified records or information-bearing documents, satisfying P7-I3.",https://lom.agc.gov.my/act-detail.php?language=BI&act=813,1.00,
Malaysia,Electricity (Amendment) Regulations 2013,P.U. (A) 151/2013,,P7-I3,reg. 97F(1),NEW,Page 29,"A manufacturer or importer issued with a Certificate of Registration under regulation 97C shall keep all technical files of any equipment issued together with a test report or Certificate of Conformity, as the case may be, for not less than ten years after the last equipment has left the production line.","The clause imposes a mandatory minimum retention period for specified records or information-bearing documents, satisfying P7-I3.",https://lom.agc.gov.my/act-view.php?type=pua&language=BI&no=P.U. (A) 151/2013,1.00,
Malaysia,Electricity (Amendment) Regulations 2013,P.U. (A) 151/2013,,P7-I3,reg. 97F(2),NEW,Page 29,"A testing laboratory accredited by the accreditation authority, shall keep all technical files of any equipment issued together with a test report for not less than six years after the expiry of that test report.","The clause imposes a mandatory minimum retention period for specified records or information-bearing documents, satisfying P7-I3.",https://lom.agc.gov.my/act-view.php?type=pua&language=BI&no=P.U. (A) 151/2013,1.00,
Malaysia,Electricity (Amendment) Regulations 2013,P.U. (A) 151/2013,,P7-I3,reg. 97F(3),NEW,Page 29,A local conformity assessment body shall keep all technical files of any equipment issued with a Certificate of Conformity for not less than six years after the expiry of the validity of the Certificate of Conformity.,"The clause imposes a mandatory minimum retention period for specified records or information-bearing documents, satisfying P7-I3.",https://lom.agc.gov.my/act-view.php?type=pua&language=BI&no=P.U. (A) 151/2013,1.00,
Malaysia,Employees Provident Fund Act 1991,Act 452,2026,P7-I3,s. 42(2),NEW,Page 49,Every employer shall prepare and keep one or more registers containing such information as may be prescribed by the rules and such register shall be kept for such period that every particular recorded therein shall be available for inspection for not less than six years after the recording thereof.,"The clause imposes a mandatory minimum retention period for specified records or information-bearing documents, satisfying P7-I3.",https://lom.agc.gov.my/act-detail.php?language=BI&act=452,0.90,record_scope_basis=OPERATIONAL_SECTOR_RECORD; retention_periods=not less than six years after the recording thereof; trigger_event=after the recording thereof
Malaysia,Employment Act 1955,Act 265,2022,P7-I3,s. 61(2),NEW,Page 70,Every such register shall be preserved for such period that every particular recorded therein shall be available for inspection for not less than six years after the recording thereof.,"The clause imposes a mandatory minimum retention period for specified records or information-bearing documents, satisfying P7-I3.",https://lom.agc.gov.my/act-detail.php?language=BI&act=265,0.90,record_scope_basis=OPERATIONAL_SECTOR_RECORD; retention_periods=not less than six years after the recording thereof; trigger_event=after the recording thereof
Malaysia,Employment Insurance System (Registration and Contribution) Regulations 2017,P.U. (A) 452/2017,,P7-I3,reg. 8(2),NEW,Page 15,An employer shall keep and maintain the register referred to in subregulation (1) including all records of payment of contributions made to the Organization for a period of seven years from the date of the last entry in the register.,"The clause imposes a mandatory minimum retention period for specified records or information-bearing documents, satisfying P7-I3.",https://lom.agc.gov.my/act-view.php?type=pua&language=BI&no=P.U. (A) 452/2017,0.90,record_scope_basis=OPERATIONAL_SECTOR_RECORD; retention_periods=seven years from the date of the last entry in the register; trigger_event=from the date of the last entry in the register
Malaysia,Environmental Quality (Clean Air) Regulations 2014,P.U. (A) 151/2014,,P7-I3,reg. 10(2),NEW,Page 57,(2) The records shall be kept for at least three years and shall be made available for inspection by the Director General or any officer duly authorized in writing by him.,"The clause imposes a mandatory minimum retention period for specified records or information-bearing documents, satisfying P7-I3.",https://lom.agc.gov.my/act-view.php?type=pua&language=BI&no=P.U. (A) 151/2014,1.00,
Malaysia,Environmental Quality (Clean Air) Regulations 2014,P.U. (A) 151/2014,,P7-I3,reg. 17(5),NEW,Page 61,"(5) The owner or occupier of the premises shall submit to the Director General the results of evaluations within three months after the end of each calendar year, and such evaluation results are to be kept and maintained by the owner or occupier for at least 3 years.","The clause imposes a mandatory minimum retention period for specified records or information-bearing documents, satisfying P7-I3.",https://lom.agc.gov.my/act-view.php?type=pua&language=BI&no=P.U. (A) 151/2014,1.00,
Malaysia,Environmental Quality (Refrigerant Management) Regulations 2020,P.U. (A) 79/2020,,P7-I3,reg. 11(1),NEW,Page 19,"Any person who is carrying out any trade in, or reclamation, recycling or disposal of, refrigerant, shall, for a period of at least three years from the date of carrying out such trade, reclamation, recycling or disposal, keep and maintain records of such trade, reclamation, recycling or disposal and update the inventories in the premises where such trade, reclamation, recycling or disposal is carried out, and such records and inventories shall be made available for inspection by any authorized officer.","The clause imposes a mandatory minimum retention period for specified records or information-bearing documents, satisfying P7-I3.",https://lom.agc.gov.my/act-view.php?type=pua&language=BI&no=P.U. (A) 79/2020,0.90,"record_scope_basis=OPERATIONAL_SECTOR_RECORD; retention_periods=at least three years from the date of carrying out such trade, reclamation, recycling or disposal; trigger_event=from the date of carrying out such trade, reclamation, recycling or disposal"
Malaysia,Excise Act 1976,Act 176,2023,P7-I3,s. 41B(3)(a),NEW,Page 24,Any records kept under this section shall be- (a) preserved for a period of seven years from the latest date to which such records relate; and,"The clause imposes a mandatory minimum retention period for specified records or information-bearing documents, satisfying P7-I3.",https://lom.agc.gov.my/act-detail.php?language=BI&type=amendment&act=A1594,1.00,
Malaysia,Free Zones Act 1990,Act 438,,P7-I3,s. 10A(1),NEW,Page 15,"Every person carrying out any activity in a free zone who has possession of documents and records pertaining to the activity of importation, exportation or manufacturing of goods, shall preserve for a period of seven years all documents and records relating to such activity.","The clause imposes a mandatory minimum retention period for specified records or information-bearing documents, satisfying P7-I3.",https://lom.agc.gov.my/act-detail.php?language=BI&act=438,1.00,
Malaysia,Hire-Purchase (Application of Permit and Procedure of Repossession) Regulations 2011,P.U. (A) 192/2011,,P7-I3,reg. 20(1)–(2),NEW,Page 24,"Maintenance of records by the repossession agent 20. (1) Every repossession agent shall, in respect of every repossession activities, maintain and keep full and true records of the following matters: (b) (2) The particulars of the records referred to in subregulation (1) shall be in the national language or the English language and shall be maintained and kept for a period of 7 years from the date of execution of the records.","The clause imposes a mandatory minimum retention period for specified records or information-bearing documents, satisfying P7-I3.",https://lom.agc.gov.my/act-view.php?type=pua&language=BI&no=P.U. (A) 192/2011,1.00,
Malaysia,Hire-Purchase Act 1967,Act 212,2026,P7-I3,s. 4B(1A)(b),NEW,Page 5,the owner shall keep proper records on the due diligence process undertaken and the records shall be kept for at least seven years from the date of the hire-purchase agreement.,"The clause imposes a mandatory minimum retention period for specified records or information-bearing documents, satisfying P7-I3.",https://lom.agc.gov.my/act-detail.php?language=BI&type=amendment&act=A1783,0.90,record_scope_basis=OPERATIONAL_SECTOR_RECORD; retention_periods=at least seven years from the date of the hire-purchase agreement; trigger_event=from the date of the hire-purchase agreement
Malaysia,Income Tax (Automatic Exchange of Financial Account Information between the Government of Malaysia and the Government of the United States of America to Improve International Tax Compliance and to Implement the Foreign Account Tax Compliance Act) Rules 2022,P.U. (A) 279/2022,,P7-I3,r. 11(3)(a)–(b),NEW,Page 19; r. 11(3)(a)–(b),"Every Reporting Malaysian Financial Institution shall retain those records for a period of at least seven years following— (a) in the case of a self-certification, the last day on which a related Financial Account is opened; and (b) in any other case, the end of the last calendar year in respect of which the record is relevant.","The clause imposes a mandatory minimum retention period for specified records or information-bearing documents, satisfying P7-I3.",https://www.hasil.gov.my/wp-content/uploads/pua-279-2022-fatca-rules-2022.pdf,1.00,human_review_decision=accept; citation_repaired=completed trigger clauses; official LHDN copy
Malaysia,Income Tax (Automatic Exchange of Financial Account Information) Rules 2016,P.U. (A) 355/2016,,P7-I3,r. 8(4)(a)–(b),NEW,r. 8(4)(a)–(b),"Every Reporting Financial Institution that is required to keep and retain in safe custody records that the Reporting Financial Institution obtains or creates under these Rules shall retain those records for a period of at least seven years following— (a) in the case of a self-certification, the last day on which a related Financial Account is opened; and (b) in any other case, the end of the last calendar year in respect of which the record is relevant.","The clause imposes a mandatory minimum retention period for specified records or information-bearing documents, satisfying P7-I3.",https://phl.hasil.gov.my/pdf/pdfam/CRS_Rules_PUA_355_2016.pdf,1.00,human_review_decision=accept; citation_repaired=completed trigger clauses; official LHDN copy
Malaysia,Income Tax (Deduction from Remuneration) (Amendment) (No. 2) Rules 2012,P.U. (A) 469/2012,,P7-I3,"Schedule (r. 3), employee-responsibility para. (iv)",NEW,"Schedule (r. 3), employee-responsibility para. (iv)",(iv) untuk menyimpan dan memegang simpan dalam jagaan selamat setiap resit yang berhubungan dengan tuntutan potongan bagi tempoh tujuh tahun dari akhir tahun taksiran tersebut di bawah Akta; (iv) to keep and retain in safe custody each receipt relating to claims of deductions for a period of seven years from the end of that year of assessment under the Act;,"The clause imposes a mandatory minimum retention period for specified records or information-bearing documents, satisfying P7-I3.",https://lom.agc.gov.my/act-view.php?type=pua&language=BI&no=P.U. (A) 469/2012,1.00,human_review_decision=accept; locator_repaired=Schedule (Rule 3)
Malaysia,Income Tax (Deduction from Remuneration) (Amendment) (No. 2) Rules 2012,P.U. (A) 469/2012,,P7-I3,"Schedule (r. 3), employer-responsibility para. (f)",NEW,"Schedule (r. 3), employer-responsibility para. (f)",(f) Menyimpan dan mengekalkan dalam jagaan selamat dokumen yang mencukupi bagi tempoh tujuh tahun dari akhir tahun kalendar dalam mana saraan itu dipotong berkenaan pekerjanya menurut Kaedah PCB. (f) Keep and retain in safe custody sufficient documents for a period of seven years from the end of the calendar year in which the remuneration is deducted in respect of his employee according to the MTD Rules.,"The clause imposes a mandatory minimum retention period for specified records or information-bearing documents, satisfying P7-I3.",https://lom.agc.gov.my/act-view.php?type=pua&language=BI&no=P.U. (A) 469/2012,1.00,human_review_decision=accept; locator_repaired=Schedule (Rule 3)
Malaysia,Income Tax Act 1967,Act 53,2024,P7-I3,s. 152A(5)(e),NEW,,the hard copy in paragraph (c) and the declaration made under paragraph (a) shall be kept and retained for a period of seven years from the end of the year of assessment in which the return is furnished.,"The clause imposes a mandatory minimum retention period for specified records or information-bearing documents, satisfying P7-I3.",https://lom.agc.gov.my/act-detail.php?language=BI&act=683,1.00,
Malaysia,Income Tax Act 1967,Act 53,2024,P7-I3,s. 82A(1),NEW,Page 9,"Subject to this section, every person who is required to furnish a return of his income for a year of assessment under this Act shall keep and retain in safe custody sufficient documents for a period of seven years from the end of that year of assessment for the purposes of ascertaining his chargeable income and tax payable.","The clause imposes a mandatory minimum retention period for specified records or information-bearing documents, satisfying P7-I3.",https://lom.agc.gov.my/act-detail.php?language=BI&act=624,0.90,record_scope_basis=OPERATIONAL_SECTOR_RECORD; retention_periods=7 years from the end of that year of assessment; trigger_event=from the end of that year of assessment
Malaysia,Income Tax Act 1967,Act 53,2024,P7-I3,s. 82A(2),NEW,Page 10,"Where a person referred to in subsection (1) has not furnished a return as required under this Act for a year of assessment, that person shall keep and retain the documents referred to in subsection (1) that relate to that year of assessment for a period of seven years after the end of the year in which the return is furnished.","The clause imposes a mandatory minimum retention period for specified records or information-bearing documents, satisfying P7-I3.",https://lom.agc.gov.my/act-detail.php?language=BI&act=624,0.90,record_scope_basis=OPERATIONAL_SECTOR_RECORD; retention_periods=seven years after the end of the year in which the return is furnished; trigger_event=the end of the year in which the return is furnished
Malaysia,Labour Ordinance of Sabah (Cap. 67),Sabah Cap. 67,2025,P7-I3,s. 58(2),NEW,Page 48,Every such register shall be preserved for such period that every particular recorded therein shall be available for inspection for not less than six years after the recording thereof.,"The clause imposes a mandatory minimum retention period for specified records or information-bearing documents, satisfying P7-I3.",https://lom.agc.gov.my/act-detail.php?language=BI&status=ordinance&act=SABAH CAP. 67,0.90,record_scope_basis=OPERATIONAL_SECTOR_RECORD; retention_periods=not less than six years after the recording thereof; trigger_event=after the recording thereof
Malaysia,Labour Ordinance of Sarawak (Cap. 76),Sarawak Cap. 76,2025,P7-I3,s. 59(2),NEW,Page 47,(2) Every such register shall be preserved for such period that every particular recorded therein shall be available for inspection for not less than six years after the recording thereof.,"The clause imposes a mandatory minimum retention period for specified records or information-bearing documents, satisfying P7-I3.",https://lom.agc.gov.my/act-detail.php?language=BI&status=ordinance&act=SARAWAK CAP. 76,0.90,record_scope_basis=OPERATIONAL_SECTOR_RECORD; retention_periods=six years after the recording thereof; trigger_event=after the recording thereof
Malaysia,Labuan Business Activity Tax (Automatic Exchange of Financial Account Information between the Government of Malaysia and the Government of the United States of America to Improve International Tax Compliance and to Implement the Foreign Account Tax Compliance Act) Regulations 2022,P.U. (A) 280/2022,,P7-I3,reg. 11(3)(a)–(b),NEW,Page 19; reg. 11(3)(a)–(b),"Every Reporting Malaysian Financial Institution shall retain those records for a period of at least seven years following— (a) in the case of a self-certification, the last day on which a related Financial Account is opened; and (b) in any other case, the end of the last calendar year to which the record relates.","The clause imposes a mandatory minimum retention period for specified records or information-bearing documents, satisfying P7-I3.",https://www.hasil.gov.my/media/ibrjhmvi/pua-280-2022-fatca-regulation-2022.pdf,1.00,human_review_decision=accept; citation_repaired=completed trigger clauses; official LHDN copy
Malaysia,Labuan Business Activity Tax Act 1990,Act 445,2024,P7-I3,s. 21B(5)(e),NEW,s. 21B(5)(e),the hard copy signed under paragraph (d) and the declaration made under paragraph (a) shall be kept and retained for a period of seven years from the end of the year of assessment in which the prescribed form is furnished.,"The clause imposes a mandatory minimum retention period for specified records or information-bearing documents, satisfying P7-I3.",https://lom.agc.gov.my/act-detail.php?language=BI&type=amendment&act=A1741,1.00,human_review_decision=accept; parent_locator_repaired=Amendment Act s.17 / principal Act s.21B(5)(e)
Malaysia,Labuan Business Activity Tax Act 1990,Act 445,2024,P7-I3,s. 22E(1),NEW,Page 43,Every person who is required to furnish a return of his profits for a year of assessment under this Act shall keep and retain in safe custody sufficient documents for a period of seven years from the end of that year of assessment for the purposes of ascertaining his chargeable profit and tax payable.,"The clause imposes a mandatory minimum retention period for specified records or information-bearing documents, satisfying P7-I3.",https://lom.agc.gov.my/act-detail.php?language=BI&act=445,0.90,record_scope_basis=OPERATIONAL_SECTOR_RECORD; retention_periods=seven years from the end of that year of assessment; trigger_event=from the end of that year of assessment; merged by final audit row:67daeaebcc24e5e947b4eac9
Malaysia,Labuan Business Activity Tax Act 1990,Act 445,2024,P7-I3,s. 22E(2),NEW,Page 43,"Where a person referred to in subsection (1) has not furnished a return as required under this Act for a year of assessment, that person shall keep and retain the documents referred to in subsection (1) that relate to that year of assessment for a period of seven years after the end of the year in which the return is furnished.","The clause imposes a mandatory minimum retention period for specified records or information-bearing documents, satisfying P7-I3.",https://lom.agc.gov.my/act-detail.php?language=BI&act=445,0.90,record_scope_basis=OPERATIONAL_SECTOR_RECORD; retention_periods=seven years after the end of the year in which the return is furnished; trigger_event=after the end of the year in which the return is furnished; merged by final audit row:63e48933808372be988a8e73
Malaysia,Limited Liability Partnerships Act 2012,Act 743,2024,P7-I3,s. 20B(5),NEW,Page 5,The limited liability partnership shall retain the information of a person who has been recorded in the register of beneficial owners of the limited liability partnership as a beneficial owner but subsequently ceases to be a beneficial owner of the limited liability partnership for seven years from the date the person ceases to be a beneficial owner.,"The clause imposes a mandatory minimum retention period for specified records or information-bearing documents, satisfying P7-I3.",https://lom.agc.gov.my/act-detail.php?language=BI&type=amendment&act=A1728,0.90,record_scope_basis=OPERATIONAL_SECTOR_RECORD; retention_periods=seven years from the date the person ceases to be a beneficial owner; trigger_event=from the date the person ceases to be a beneficial owner
Malaysia,Limited Liability Partnerships Act 2012,Act 743,2024,P7-I3,s. 43(1),NEW,Page 37,"All statutory books, registers and other records that are required to be maintained or kept by a private company under the * Companies Act 1965 shall be transferred to the limited liability partnership and kept at its registered office for a period of seven years from the date of registration.","The clause imposes a mandatory minimum retention period for specified records or information-bearing documents, satisfying P7-I3.",https://lom.agc.gov.my/act-detail.php?language=BI&act=743,1.00,
Malaysia,Limited Liability Partnerships Act 2012,Act 743,2024,P7-I3,s. 69(2),NEW,s. 69(2),The limited liability partnership shall retain the accounting and other records referred to in subsection (1) for a period of not less than seven years from the end of the financial year in which the transactions or operations to which those records relate are completed.,"The clause imposes a mandatory minimum retention period for specified records or information-bearing documents, satisfying P7-I3.",https://lom.agc.gov.my/act-detail.php?language=BI&act=743,1.00,human_review_decision=accept; citation_repaired=completed operative sentence; minimum_period=not less than seven years
Malaysia,Malaysian Rubber Board (Licensing and Permit) Regulations 2014,P.U. (A) 119/2014,,P7-I3,reg. 20(1),NEW,Page 70,Every licensee shall ensure that all records and documents referred to in subregulation (1) are kept for a period of not less than three years from the date of the last entry or execution of the records and documents.,"The clause imposes a mandatory minimum retention period for specified records or information-bearing documents, satisfying P7-I3.",https://lom.agc.gov.my/act-view.php?type=pua&language=BI&no=P.U. (A) 119/2014,1.00,
Malaysia,Medical Device Regulations 2012,P.U. (A) 500/2012,,P7-I3,reg. 6(3),NEW,Page 139,The Authority shall register the medical device and keep the medical device in the Register for a period of five years from the date of registration unless the registration is cancelled by the Authority before its expiry.,"The clause imposes a mandatory minimum retention period for specified records or information-bearing documents, satisfying P7-I3.",https://lom.agc.gov.my/act-view.php?type=pua&language=BI&no=P.U. (A) 500/2012,1.00,
Malaysia,Money Services Business Act 2011,Act 731,2024,P7-I3,s. 28(1),NEW,Page 32,"A licensee shall maintain all accounts, duplicate copies of receipts and other records, including any information and documents for each transaction of its money services business, in such manner as to enable the reconstruction of any of the transactions and to ensure the convenient audit of the accounts, receipts and records for a period of not less than seven years from the date of the execution, completion or termination of the transaction, as the case may be.","The clause imposes a mandatory minimum retention period for specified records or information-bearing documents, satisfying P7-I3.",https://lom.agc.gov.my/act-detail.php?language=BI&act=731,0.90,"record_scope_basis=OPERATIONAL_SECTOR_RECORD; retention_periods=not less than seven years from the date of the execution, completion or termination of the transaction, as the case may be; trigger_event=date of the execution, completion or termination of the transaction"
Malaysia,National Kenaf and Tobacco Board (Licensing of Kenaf and Kenaf Products) Regulations 2011,P.U. (A) 198/2011,,P7-I3,reg. 20(3),NEW,Page 36,The documents under subregulation (1) shall be retained by a licensee for not less than two years from the date of the last entry and shall be either in the national language or the English language.,"The clause imposes a mandatory minimum retention period for specified records or information-bearing documents, satisfying P7-I3.",https://lom.agc.gov.my/act-view.php?type=pua&language=BI&no=P.U. (A) 198/2011,1.00,
Malaysia,National Kenaf and Tobacco Board (Licensing of Tobacco and Tobacco Products) Regulations 2011,P.U. (A) 199/2011,,P7-I3,reg. 22(3),NEW,Page 38,The documents under subregulation (1) shall be retained by a licensee for not less than two years from the date of the last entry and shall be either in the national language or the English language.,"The clause imposes a mandatory minimum retention period for specified records or information-bearing documents, satisfying P7-I3.",https://lom.agc.gov.my/act-view.php?type=pua&language=BI&no=P.U. (A) 199/2011,1.00,
Malaysia,Petroleum (Income Tax) Act 1967,Act 543,2023,P7-I3,s. 34A(1),NEW,Page 56,every chargeable person carrying on petroleum operation shall keep and retain in safe custody relevant records for a period of seven years from the end of the year to which any expenditure or income from that operation relates,"The clause imposes a mandatory minimum retention period for specified records or information-bearing documents, satisfying P7-I3.",https://lom.agc.gov.my/act-detail.php?language=BI&act=543,0.90,record_scope_basis=OPERATIONAL_SECTOR_RECORD; retention_periods=seven years from the end of the year to which any expenditure or income from that operation relates; trigger_event=from the end of the year to which any expenditure or income from that operation relates; merged by final audit row:130f4133b05a951ab79d5185
Malaysia,Petroleum (Income Tax) Act 1967,Act 543,2023,P7-I3,s. 34A(2),NEW,Page 21,that chargeable person shall keep and retain the records referred to in subsection (1) for a period of seven years after the end of the year in which the return is furnished.,"The clause imposes a mandatory minimum retention period for specified records or information-bearing documents, satisfying P7-I3.",https://lom.agc.gov.my/act-detail.php?language=BI&act=702,1.00,
Malaysia,Petroleum (Income Tax) Act 1967,Act 543,2023,P7-I3,s. 82(5)(e),NEW,Page 34,the hard copy in paragraph (c) and the declaration made under paragraph (a) shall be kept and retained for a period of seven years from the end of the year of assessment in which the prescribed form is furnished.,"The clause imposes a mandatory minimum retention period for specified records or information-bearing documents, satisfying P7-I3.",https://lom.agc.gov.my/act-detail.php?language=BI&act=702,1.00,
Malaysia,Poisons (Amendment) Regulations 2025,P.U. (A) 155/2025,,P7-I3,reg. 27A(2),NEW,Page 4,"A seller or supplier who receives a written order or a prescription, either in writing or electronic form, in the course of selling or supplying a poison shall keep the written order or prescription on his premises for a period of five years from the date of sale or supply of poison.","The clause imposes a mandatory minimum retention period for specified records or information-bearing documents, satisfying P7-I3.",https://lom.agc.gov.my/act-view.php?type=pua&language=BI&no=P.U. (A) 155/2025,1.00,
Malaysia,Price Control and Anti-Profiteering Act 2011,Act 723,2017,P7-I3,s. 53A(2)(a),NEW,Page 6,The records under subsection (1) shall be- (a) preserved for a period of seven years from the latest date to which the record relates;,"The clause imposes a mandatory minimum retention period for specified records or information-bearing documents, satisfying P7-I3.",https://lom.agc.gov.my/act-detail.php?language=BI&type=amendment&act=A1464,1.00,
Malaysia,Private Employment Agencies Act 1981,Act 246,2017,P7-I3,s. 19,NEW,Page 23,A private employment agency shall keep the records for a period of not less than six years from the date after it is recorded.,"The clause imposes a mandatory minimum retention period for specified records or information-bearing documents, satisfying P7-I3.",https://lom.agc.gov.my/act-detail.php?language=BI&type=amendment&act=A1554,0.90,record_scope_basis=OPERATIONAL_SECTOR_RECORD; retention_periods=not less than six years from the date after it is recorded; trigger_event=from the date after it is recorded
Malaysia,Real Property Gains Tax Act 1976,Act 169,2023,P7-I3,s. 28C(1),NEW,Page 48,every person who is required to furnish a return of his disposals for a year of assessment under this Act shall keep and retain in safe custody sufficient documents for a period of seven years from the end of that year of assessment for the purpose of ascertaining his chargeable gain and tax payable.,"The clause imposes a mandatory minimum retention period for specified records or information-bearing documents, satisfying P7-I3.",https://lom.agc.gov.my/act-detail.php?language=BI&act=169,0.90,record_scope_basis=OPERATIONAL_SECTOR_RECORD; retention_periods=seven years from the end of that year of assessment; trigger_event=from the end of that year of assessment
Malaysia,Real Property Gains Tax Act 1976,Act 169,2023,P7-I3,s. 28C(2),NEW,Page 48,that person shall keep and retain the documents referred to in subsection (1) which relate to that year of assessment for a period of seven years after the end of the year in which the return is furnished.,"The clause imposes a mandatory minimum retention period for specified records or information-bearing documents, satisfying P7-I3.",https://lom.agc.gov.my/act-detail.php?language=BI&act=169,0.90,record_scope_basis=OPERATIONAL_SECTOR_RECORD; retention_periods=seven years after the end of the year in which the return is furnished; trigger_event=after the end of the year in which the return is furnished
Malaysia,Real Property Gains Tax Act 1976,Act 169,2023,P7-I3,s. 57A(5)(e),NEW,Page 31; s. 57A(5)(e),(c) the person who gives that authorization shall keep and retain in safe custody the hard copy of the form so furnished and that a copy shall be made under processes and procedures which are designed to ensure that the information contained in the form shall be the only information furnished pursuant to this section; (d) the hard copy referred to in paragraph (c) shall be signed by the person who gives that authorization; and (e) the hard copy referred to in paragraph (c) and the declaration made under paragraph (a) shall be kept and retained for a period of seven years from the end of the year of assessment in which the form is furnished.,"The clause imposes a mandatory minimum retention period for specified records or information-bearing documents, satisfying P7-I3.",https://lom.agc.gov.my/act-detail.php?language=BI&act=831,1.00,human_review_decision=accept; parent_locator_repaired=Finance Act 2020 s.37 / principal Act s.57A(5)(e)
Malaysia,Sales Tax (Amendment) Regulations 2018,P.U. (A) 399/2018,,P7-I3,reg. 16C(c),NEW,Page 16,that the registered manufacturer shall keep all records related to the deduction of sales tax from the date of deduction for a period of seven years for inspection by the proper officer of sales tax at any time;,"The clause imposes a mandatory minimum retention period for specified records or information-bearing documents, satisfying P7-I3.",https://lom.agc.gov.my/act-view.php?type=pua&language=BI&no=P.U. (A) 399/2018,0.90,record_scope_basis=OPERATIONAL_SECTOR_RECORD; retention_periods=seven years from the date of deduction; trigger_event=from the date of deduction
Malaysia,Sales Tax Act 2018,Act 806,2024,P7-I3,s. 24(2)(a),NEW,Page 35,Any record kept under this section shall be- (a) preserved for a period of seven years from the latest date to which the record relates;,"The clause imposes a mandatory minimum retention period for specified records or information-bearing documents, satisfying P7-I3.",https://lom.agc.gov.my/act-detail.php?language=BI&act=806,1.00,
Malaysia,Sales Tax Act 2018,Act 806,2024,P7-I3,s. 25(2),NEW,Page 11,(2) Any record kept under this section shall be preserved for a period of seven years from the latest date to which the record relates.'.,"The clause imposes a mandatory minimum retention period for specified records or information-bearing documents, satisfying P7-I3.",https://lom.agc.gov.my/act-detail.php?language=BI&type=amendment&act=A1671,1.00,
Malaysia,Service Tax Act 2018,Act 807,2024,P7-I3,s. 24(2)(a),KNOWN,Page 37,"Any record kept under this section shall be- (a) preserved for a period of seven years from the latest date to which the record relates; (b) in the national language or English language; and (c) kept in Malaysia, except as otherwise approved by the Director General and subject to such conditions as he deems fit.","The clause imposes a mandatory minimum retention period for specified records or information-bearing documents, satisfying P7-I3.",https://lom.agc.gov.my/act-detail.php?language=BI&act=807,1.00,
Malaysia,Service Tax Act 2018,Act 807,2024,P7-I3,s. 56J(2),KNOWN,Page 73,Any record kept under this section shall be preserved for a period of seven years from the latest date to which the record relates.,"The clause imposes a mandatory minimum retention period for specified records or information-bearing documents, satisfying P7-I3.",https://lom.agc.gov.my/act-detail.php?language=BI&act=807,1.00,
Malaysia,Solicitors' Account Rules 1990,P.U. (A) 301/1990,2013,P7-I3,r. 11(5),NEW,Page 7; r. 11(5),"(5) Every solicitor shall preserve all books, accounts and records kept by him under this rule for at least six years from the date when the file or matter concerned is closed or no further pending business.","The clause imposes a mandatory minimum retention period for specified records or information-bearing documents, satisfying P7-I3.",https://lom.agc.gov.my/act-view.php?type=pua&language=BI&no=P.U. (A) 109/2013,1.00,human_review_decision=accept; parent_locator_repaired=r.11(5); amended_by=P.U. (A) 109/2013
Malaysia,Stamp Act 1949,Act 378,2024,P7-I3,s. 35B,NEW,Page 20,"Where an instrument is chargeable with duty, the person who is liable to pay the duty chargeable on such instrument shall keep the instrument and all relevant documents in connection with such instrument for a period of seven years from the date the duty is paid for the purpose of ascertaining that the proper amount of stamp duty has been paid on the instrument.","The clause imposes a mandatory minimum retention period for specified records or information-bearing documents, satisfying P7-I3.",https://lom.agc.gov.my/act-detail.php?language=BI&act=863,0.90,record_scope_basis=OPERATIONAL_SECTOR_RECORD; retention_periods=seven years from the date the duty is paid; trigger_event=from the date the duty is paid
Malaysia,Stamp Act 1949,Act 378,2024,P7-I3,s. 9(4),NEW,s. 9(4),"the banker, dealer, insurer or Bursa Malaysia shall keep and retain the books, records and documents in connection with the issue of such cheques, contract notes or policies of insurance or supply of such rights subscription forms for a period of seven years from the year in which such cheques, contract notes, policies of insurance are issued or rights subscription forms are supplied.","The clause imposes a mandatory minimum retention period for specified records or information-bearing documents, satisfying P7-I3.",https://www.hasil.gov.my/media/hwdf2s3g/20240101-stamp-act-1949-act-378.pdf,1.00,human_review_decision=accept; principal_act_normalized=true; supersedes older Act 661 wording
Malaysia,Stamp Act 1949,Act 378,2024,P7-I3,s. 9(7),NEW,Page 22,"(7) For the purpose of subsection (6), the person mentioned in subsection (1) shall keep and retain the books, records and documents in connection with the issue of such instruments referred to in paragraph 1 (a) , (b) or (c) for a period of seven years from the year in which such instruments are issued.","The clause imposes a mandatory minimum retention period for specified records or information-bearing documents, satisfying P7-I3.",https://lom.agc.gov.my/act-detail.php?language=BI&act=761,1.00,
Malaysia,Syarie Legal Profession (Federal Territories) (Accounts of Peguam Syarie) Rules 2023,P.U. (A) 66/2023,,P7-I3,r. 12(8),NEW,Page 28,"Every Peguam Syarie shall preserve all books, accounts and records kept by him under this rule for at least six years from the date when the file or matter concerned is closed or no further pending business.","The clause imposes a mandatory minimum retention period for specified records or information-bearing documents, satisfying P7-I3.",https://lom.agc.gov.my/act-view.php?type=pua&language=BI&no=P.U. (A) 66/2023,0.90,record_scope_basis=OPERATIONAL_SECTOR_RECORD; retention_periods=at least six years from the date when the file or matter concerned is closed or no further pending business; trigger_event=the date when the file or matter concerned is closed or no further pending business
Malaysia,Syarie Legal Profession (Federal Territories) (Accounts of Peguam Syarie) Rules 2023,P.U. (A) 66/2023,,P7-I3,r. 13(1)(c),NEW,Page 28,the audit trail or other record of input to and output from the computer is retained for eighteen months from the date of the last entry on it.,"The clause imposes a mandatory minimum retention period for specified records or information-bearing documents, satisfying P7-I3.",https://lom.agc.gov.my/act-view.php?type=pua&language=BI&no=P.U. (A) 66/2023,1.00,
Malaysia,Tourism Tax Act 2017,Act 791,2023,P7-I3,s. 17(2)(a),NEW,Page 18,"Any record kept under this section shall be- (a) preserved for a period of seven years from the latest date to which the record relates; (b) in the national language or English language; and (c) kept in Malaysia, except as otherwise approved by the Director General and subject to the conditions as he deems fit.","The clause imposes a mandatory minimum retention period for specified records or information-bearing documents, satisfying P7-I3.",https://lom.agc.gov.my/act-detail.php?language=BI&act=791,1.00,
Malaysia,Tourism Tax Act 2017,Act 791,2023,P7-I3,s. 20J(2),NEW,Page 29,Any record kept under this section shall be preserved for a period of seven years from the latest date to which the records relates and shall be made available for inspection by any senior officer of customs.,"The clause imposes a mandatory minimum retention period for specified records or information-bearing documents, satisfying P7-I3.",https://lom.agc.gov.my/act-detail.php?language=BI&act=791,1.00,
Malaysia,Trade Unions Act 1959,Act 262,2024,P7-I3,s. 33(7),NEW,s. 33(7),The secretary of the trade union shall take all such steps as are necessary to ensure that all ballot papers and documents used in connection with or relevant to a secret ballot are kept at the registered office of the trade union for a period of not less than six months after the completion of the ballot.,"The clause imposes a mandatory minimum retention period for specified records or information-bearing documents, satisfying P7-I3.",https://lom.agc.gov.my/act-detail.php?language=BI&act=262,1.00,human_review_decision=accept; minimum_period=not less than six months; trigger=completion of the ballot
Malaysia,Weekly Holidays Rules 1951,P.U. (A) 14/2023,,P7-I3,r. 5(2)(b),NEW,Page 6,be preserved for a period of at least one year after the end of the year to which the entries in the record refer;,"The clause imposes a mandatory minimum retention period for specified records or information-bearing documents, satisfying P7-I3.",https://lom.agc.gov.my/act-view.php?type=pua&language=BI&no=P.U. (A) 14/2023,1.00,
Malaysia,Weights and Measures Act 1972,Act 71,2017,P7-I3,s. 16(7),NEW,Page 19,The person making any public weighing or measuring instrument available for use (in this section referred to as 'the responsible person') shall retain for a period of not less than six months any record of any weighing or measuring by means of that instrument made by any person certified to attend to the weighing or measuring.,"The clause imposes a mandatory minimum retention period for specified records or information-bearing documents, satisfying P7-I3.",https://lom.agc.gov.my/act-detail.php?language=BI&act=71,1.00,
Malaysia,Windfall Profit Levy Act 1998,Act 592,2023,P7-I3,s. 16(2),NEW,Page 11,The books of accounts and other records which are required to be kept in accordance with this section shall be preserved for a period of six years from the latest date in respect of the production of prescribed goods to which such documents relate.,"The clause imposes a mandatory minimum retention period for specified records or information-bearing documents, satisfying P7-I3.",https://lom.agc.gov.my/act-detail.php?language=BI&act=592,1.00,
Malaysia,Automated Decision-Making and Profiling Guideline (ADMP),Official PDPA Guideline (2026),,P7-I4,para. 1.3,NEW,Page 4,"Where an organisation embarks on the implementation of ADMP, the Data Protection Officer(s) (' DPO ') shall be engaged at the earliest possible stage. Such engagement shall commence with the carrying out of a Data Protection Impact Assessment (' DPIA ') to ensure compliance with personal data protection requirements.","The clause imposes a DPO and/or DPIA responsibility connected to personal-data processing, satisfying P7-I4.",https://www.pdp.gov.my/ppdpv1/en/akta/automated-decision-making-and-profiling-guideline-admp/,0.90,accountability_path=dpo_and_dpia
Malaysia,Automated Decision-Making and Profiling Guideline (ADMP),Official PDPA Guideline (2026),,P7-I4,para. 5.1,NEW,Page 7,"Where an organisation identifies the need to embark on the implementation of ADM and profiling, the DPO shall have specific responsibilities in overseeing ADMP systems. These responsibilities include supporting the carrying out of the DPIA (please refer to paragraph 6.0 to understand the relationship between ADMP and DPIA), and acting as the facilitator and point of contact between the data subject and the data controller or data processor regarding the processing of personal data and the exercise of applicable rights.","The clause imposes a DPO and/or DPIA responsibility connected to personal-data processing, satisfying P7-I4.",https://www.pdp.gov.my/ppdpv1/en/akta/automated-decision-making-and-profiling-guideline-admp/,1.00,
Malaysia,Automated Decision-Making and Profiling Guideline (ADMP),Official PDPA Guideline (2026),,P7-I4,para. 6.1,NEW,Page 7,"ADMP is one of the qualitative factors that triggers the requirement to carry out a DPIA, regardless of the nature or extent of its intended use. Therefore, the DPO shall ensure a DPIA is carry out for any planned processing that includes ADMP elements.","The clause imposes a DPO and/or DPIA responsibility connected to personal-data processing, satisfying P7-I4.",https://www.pdp.gov.my/ppdpv1/en/akta/automated-decision-making-and-profiling-guideline-admp/,1.00,
Malaysia,Data Protection Impact Assessment Guideline (DPIA),Official PDPA Guideline (2026),,P7-I4,para. 6.1,NEW,Page 6,The obligation to carry out a DPIA falls on the data controller.,"The clause imposes a DPO and/or DPIA responsibility connected to personal-data processing, satisfying P7-I4.",https://www.pdp.gov.my/ppdpv1/en/akta/data-protection-impact-assessment-guideline-dpia/,1.00,
Malaysia,Personal Data Protection Act 2010,Act 709,2024,P7-I4,s. 12A(1)–(2),NEW,"Act A1727, s. 6, p. 6","A data controller shall appoint one or more data protection officers who shall be accountable to the data controller for the compliance with this Act. Where the processing of personal data is carried out by a data processor on behalf of the data controller, the data processor shall appoint one or more data protection officers who shall be accountable to the data processor for the compliance with this Act.",Section 12A imposes a direct statutory obligation on data controllers and relevant data processors to appoint one or more data protection officers accountable for compliance with Act 709.,https://www.pdp.gov.my/ppdpv1/wp-content/uploads/2024/11/Act-A1727.pdf,1.00,accountability_path=dpo; legal_function=mandatory_appointment
Malaysia,Personal Data Protection Guidelines on the Appointment of Data Protection Officer (DPO),Personal Data Protection Guidelines No. 1/2025,,P7-I4,para. 5.1,NEW,Page 7,Data controller or data processor must ensure that the appointed data protection officer is able to adequately carry out their tasks.,"The clause imposes a DPO and/or DPIA responsibility connected to personal-data processing, satisfying P7-I4.",https://www.pdp.gov.my/ppdpv1/en/akta/personal-data-protection-guidelines-on-the-appointment-of-data-protection-officer-dpo/,0.90,accountability_path=dpo
Malaysia,Customs Act 1967,Act 235,2023,P7-I5,s. 111C(1),NEW,Page 73,"Power to intercept communications 111 c . (1) Notwithstanding the provisions of any other written law, the Public Prosecutor may, if he considers that it is likely to contain any information which is relevant for the purposes of investigation into any offence under this Act, on the application of a senior officer of customs, authorize any proper officer of customs- (a) to intercept, detain and open any postal article in the course of transmission by post; (b) to intercept any message transmitted or received by any telecommunication; or (c) to intercept or listen to any conversation by any telecommunication.","The clause authorises a public authority to compel, obtain, intercept or require production of information, satisfying P7-I5.",https://lom.agc.gov.my/act-detail.php?language=BM&type=amendment&act=A1593,1.00,judicial_authorization=not_required
Malaysia,Dangerous Drugs (Forfeiture of Property) Act 1988,Act 340,,P7-I5,s. 23(1),NEW,Page 44,"the Public Prosecutor shall have power to require any public officer within such time as he may specify to furnish such information in relation to any person, question or matter as in the opinion of the Public Prosecutor will be useful for, or relevant to, the purposes of this Act, and such public officer shall be legally bound to furnish the same to the Public Prosecutor within the specified time.","The clause authorises a public authority to compel, obtain, intercept or require production of information, satisfying P7-I5.",https://lom.agc.gov.my/act-detail.php?language=BI&act=340,1.00,judicial_authorization=not_required
Malaysia,Income Tax (Automatic Exchange of Financial Account Information) Rules 2016,P.U. (A) 355/2016,,P7-I5,r. 9(2)(a),NEW,Page 28,"the Reporting Financial Institution shall, at all times, have access to and be able to produce, where so requested by the Director General, the records and documentary evidence used to identify and report on Reportable Accounts;","The clause authorises a public authority to compel, obtain, intercept or require production of information, satisfying P7-I5.",https://lom.agc.gov.my/act-view.php?type=pua&language=BI&no=P.U. (A) 355/2016,1.00,judicial_authorization=not_required
Malaysia,Minimum Retirement Age Act 2012,Act 753,2016,P7-I5,s. 14(1),NEW,Page 13,14. (1) The Director General in making an investigation under this Act may- (a) require any person acquainted with the facts and circumstances of the case to produce any contract of service or other document relating to the employment of an employee who makes a complaint under subsection 8(1); (b) make copies of any contract of service or other document relating to employement produced under paragraph (a) ; and (c) take or remove any relevant document.,"The clause authorises a public authority to compel, obtain, intercept or require production of information, satisfying P7-I5.",https://lom.agc.gov.my/act-detail.php?language=BI&act=753,1.00,judicial_authorization=not_required
Malaysia,Personal Data Protection Act 2010,Act 709,2024,P7-I5,s. 121(a),KNOWN,"Part IX — Enforcement / Power to require production of computer, book, account, etc.","An authorized officer shall, for the purposes of the execution of this Act, have the power to require the production of any computer, book, account, computerized data or other document kept by the data user or any other person and to inspect, examine and to download from them, make copies of them or take extracts from them.","Section 121(a) gives an authorized public officer compulsory access to computers, computerized data and other documents held by a regulated entity or any other person for enforcement of the personal-data-protection statute.",https://www.pdp.gov.my/ppdpv1/wp-content/uploads/2024/07/UNDANG-UNDANG-MALAYSIA_AKTA_PERLINDUNGAN_DATA_PERIBADI_2010_709_MALAY_AND-ENG_V2022.pdf,1.00,judicial_authorization=not_required_by_focal_clause; government_access_path=compulsory_production_and_inspection
Malaysia,Petroleum (Income Tax) Act 1967,Act 543,2023,P7-I5,s. 34,NEW,Page 56,"The Director General may by notice under his hand require any person to give orally or in writing, as may be required, within a time specified in the notice (not being less than thirty days from the date of service of the notice), all such information concerning the income, assets or liabilities of a chargeable person as may be demanded of him by the Director General for the purpose of this Act:","The clause authorises a public authority to compel, obtain, intercept or require production of information, satisfying P7-I5.",https://lom.agc.gov.my/act-detail.php?language=BI&act=543,1.00,
Malaysia,Traditional and Complementary Medicine Act 2016,Act 775,,P7-I5,s. 40(1)(b),NEW,Page 31,not be disclosed to any other party unless with the prior consent of the patient or by an order of the court.,"The confidentiality rule permits disclosure of patient information pursuant to a court order, creating a judicially authorised government-access route under P7-I5.",https://lom.agc.gov.my/act-detail.php?language=BI&act=775,1.00,judicial_authorization=required
